file,split,source,photographer
dev_01.jpg,development,Pexels graduation portrait series,Quý Nguyễn
dev_02.jpg,development,Pexels graduation portrait series,Quý Nguyễn
dev_03.jpg,development,Pexels graduation portrait series,Quý Nguyễn
dev_04.jpg,development,Pexels graduation portrait series,Quý Nguyễn
dev_05.jpg,development,Pexels graduation portrait series,Quý Nguyễn
eval_01.jpg,held-out,Pexels graduation portrait series,Quý Nguyễn
eval_02.jpg,held-out,Pexels graduation portrait series,Quý Nguyễn
eval_03.jpg,held-out,Pexels graduation portrait series,Quý Nguyễn
eval_04.jpg,held-out,Pexels graduation portrait series,Quý Nguyễn
eval_05.jpg,held-out,Pexels graduation portrait series,Quý Nguyễn
eval_06.jpg,held-out,Pexels graduation portrait series,Quý Nguyễn
eval_07.jpg,held-out,Pexels graduation portrait series,Quý Nguyễn
eval_08.jpg,held-out,Pexels graduation portrait series,Quý Nguyễn
eval_09.jpg,held-out,Pexels graduation portrait series,Quý Nguyễn
eval_10.jpg,held-out,Pexels graduation portrait series,Quý Nguyễn
